6.288231846863515884e+00,-9.957513016266172912e+00,2.052031744259442014e+00
2.187664757190107423e+01,-2.079958410700529114e+01,-1.642695490698600480e+01
1.721311050515630114e+01,1.981542489102370297e-01,1.113065406866879670e+01
5.490379321544194724e+00,-9.319793538580666947e+00,1.982100537574760679e+00
1.367134566400121187e+01,4.955666230517612014e+00,-4.334731738014916402e+00
1.140264423563923479e+01,-9.660662994810005344e+00,-1.039035574446679178e+01
5.342770846175468158e+00,-7.064787817268452841e+00,2.977920359528680727e+00
2.369322651183931328e+01,-1.432866216139283289e+01,-2.203828131861419592e+01
1.594011115481313468e+01,4.619151222971244586e+00,4.692307455549049600e+00
6.499106497661962578e+00,-1.133153512055212886e+01,2.118913732934650351e+00
1.080906507359198798e+01,-6.525758088272249680e+00,-1.026523466698498943e+01
6.556333799011085262e+00,-1.061305377540915984e+01,2.144259048455944949e+00
2.929075158039343041e+00,-5.953068741910248818e+00,-3.808203633364732887e-01
1.297904638339607253e+01,1.456696610600034525e+00,-7.918572770092177748e+00
6.309235265547667559e+00,-8.885855213093098115e+00,2.091471114828243216e+00
6.968765080561007963e+00,-9.070070162589312091e+00,3.712899488857235752e+00
8.905071442536065973e+00,-1.403150564629828168e+01,-3.195270741683479354e+00
7.101847620133860062e+00,-1.063721392640442787e+01,1.874715573549484482e+00
4.362535942741251560e+00,-5.713938190505494674e+00,1.350129942869185307e+00
1.251581606957957682e+01,-2.633542356310522692e+00,-9.490944212634209620e+00
7.636584994163911233e+00,-1.360049080457358173e+01,-1.287592759595214575e+00
9.111226649569411862e+00,-1.428603507943711293e+01,-2.710415534797347981e+00
1.501817630340857157e+01,3.870835309109950551e+00,6.830832270556736141e+00
4.362217512730367730e+00,-6.466821492528233684e+00,8.138737040758132757e-01
6.528393214210133522e+00,-1.157409016294481319e+01,2.182500134493769117e+00
5.628186384095875461e+00,-8.393146065573059644e+00,1.914179067379764732e+00
2.935506333229600973e+00,-6.654111818472083328e+00,6.521084254319517992e-01
1.208946183241823391e+01,-3.587576163695978426e+00,-1.001890258092026720e+01
2.485014687271074862e+01,-1.915279325613446382e+00,-2.258623614937050661e+01
9.582160487921347780e+00,-1.399533056416461108e+01,-5.469072263978428161e+00
1.447885245353093353e+01,3.058495539013807551e+00,-5.349600905983349364e+00
1.875349824483936345e+01,-1.920579656913320576e+01,1.099209200710477319e+01
1.050125911918851962e+01,-1.174595737959472252e+01,-7.282450329067729378e+00
7.918319476895185005e+00,-1.209115225941405924e+01,1.676691757003101912e+00
6.129831269207294042e+00,-8.515025349849473457e+00,2.551153877009085136e+00
8.374151376459261442e+00,-1.318515109089289972e+01,-1.131063725662658337e+00
1.258961111934922528e+01,-2.699437102445024550e+00,-1.034215723011696930e+01
3.007843886718459370e+00,-6.807017696208778723e+00,-5.141797716607114932e-01
2.434815117930565265e+01,1.560037429864643777e+00,-2.094721049017575609e+01
1.252718372150153492e+01,1.079288140381623684e+00,-8.338216100559519006e+00
1.890638368510957434e+01,-1.212067606210131210e+01,1.485897268385905967e+01
9.154213841601890778e+00,-1.340203759110870863e+01,-7.120491082589706089e-01
8.241832831426105344e+00,-1.334680345509104171e+01,-1.798901463017805513e+00
3.590145287165296129e+00,-5.748355277727799972e+00,-4.129280893392439644e-02
1.467808038914389179e+01,3.436740764410431304e+00,7.281320675425378752e+00
7.191779635309993424e+00,-1.170530056957410636e+01,1.752096559517208441e+00
5.917997997038180635e+00,-8.717297232945703911e+00,2.958915039140964431e+00
1.658685913343362728e+01,-9.100033605054642649e-01,1.280023656196929061e+01
4.505443027576931492e+00,-7.719297890604655876e+00,1.146344612089289505e+00
1.382340354075000555e+01,3.978879263863341897e+00,-5.691816123194650245e+00
6.145338428055142188e+00,-1.062385818698043138e+01,2.126365379001312395e+00
4.671844005724754112e+00,-6.983735621911425717e+00,2.474887847836762411e+00
3.759647875590362176e+00,-5.543208876407263119e+00,4.921790262517138359e-01
5.631116239806615908e+00,-7.577183490976068470e+00,1.373779391459581056e+00
1.486588424198012781e+01,4.155780650560180867e+00,6.539216165168409312e+00
3.876845310323536964e+00,-6.642837223592044538e+00,1.897131845500823921e+00
9.289743927251118194e+00,-1.185837903240850366e+01,-8.741309058475504656e+00
1.470309078876212361e+01,5.817381448279863143e+00,-6.389239312667196469e-01
1.481407430392839153e+01,5.979884169145234019e+00,9.518122053446136377e-01
4.283763827989938378e+00,-6.793696241253256218e+00,1.382455937590880701e+00
5.648843584229776837e+00,-9.039836497598384923e+00,3.425968137478218267e+00
1.100272399725878536e+01,-1.308526907371931536e+01,-7.167445860198427887e+00
1.250701454457395378e+01,-2.927283099328944260e+00,-1.104670206837754343e+01
1.435676481254507308e+01,3.375590856754283386e+00,-5.485772334084739299e+00
3.892387518184961870e+00,-6.427723531469395013e+00,1.130925125883621263e+00
1.711716312151206054e+01,-1.345667991549055031e+00,1.300880191756870197e+01
1.117275987792079661e+01,-1.016608282360414073e+01,-9.638058220150272248e+00
1.349190566454513096e+01,3.389267610818401444e+00,-6.477109256481966781e+00
8.125196416053059423e+00,-1.257422794220364537e+01,5.613509653592598792e-01
1.303580314071839297e+01,-2.600656400794147061e+00,-1.010716496228548245e+01
1.308796646243636097e+01,-1.544300413165842656e+00,-9.980404664705064377e+00
2.210371524183499403e+01,-2.191756252246287318e+01,-1.522202248229947408e+01
8.873170643369704180e+00,-1.419491142348207191e+01,-4.106973078820706391e+00
5.739769462145488887e+00,-9.103926384322090115e+00,3.558500146635495298e+00
1.172262526179484787e+01,-1.008973272836288970e+01,-9.249416522744406066e+00
1.367559813590182749e+01,6.343742755147462553e+00,-2.933647685524478188e+00
5.684397012472857114e+00,-8.967159063322743151e+00,2.684440627664646861e+00
3.983226351997968706e+00,-5.719860564705618877e+00,-5.974275299899820535e-01
4.294522502377937201e+00,-6.327670804680986194e+00,2.036784089375571760e+00
2.830898806006420187e+00,-6.800243103987262394e+00,-1.446615001642370668e-01
7.340335075288143329e+00,-1.173182971443549683e+01,9.921456798524097564e-01
1.932629014592209415e+01,-1.726170052376386010e+01,1.227922488893439912e+01
7.735472089980362398e+00,-1.326203508515768092e+01,1.499185854272427232e+00
9.074042821019613569e+00,-1.311154596880812662e+01,4.453231095429657227e-01
1.437398913640947207e+01,5.386834763964327699e+00,-3.922267460296471331e-01
1.033353063039244368e+01,-1.027545818320467319e+01,-8.468985099643802528e+00
1.586397451677547998e+01,4.055606442420283564e+00,6.959247877529431747e+00
4.423332904606439797e+00,-7.390556530175671490e+00,1.847390845237481649e+00
7.405827607837018434e+00,-1.380198509430840836e+01,-6.095979270149837204e-01
1.820925624054963521e+01,-1.612429224178954357e+01,1.299183710019139326e+01
1.198306347674564876e+01,-5.449918947940652458e+00,-1.026000854988537192e+01
1.120931348551781603e+01,-8.947237041990689477e+00,-1.001090126090539556e+01
1.610995742168998035e+01,3.738312554357807294e+00,6.920898478724561542e+00
1.114289282783514778e+01,-6.716707642935343614e+00,-1.089068485999379732e+01
1.601936051661457583e+01,3.572010277191906447e+00,8.340622931303949272e+00
1.518518242478363867e+01,5.576571903441664979e+00,4.166886417786272112e+00
1.642649252676431004e+01,2.343898298882721498e+00,9.161233585409920721e+00
7.672459454877483154e+00,-1.306642388414222822e+01,-6.668998104822975170e-01
4.276403961706154000e+00,-6.393483146002679973e+00,2.402317439675574207e-01
1.570516926639700195e+01,4.647155330378557103e+00,3.396035846838542760e+00
9.237887443380884633e+00,-1.455551380540489959e+01,-2.845404108253942077e+00
1.249513945337973020e+01,-8.230112389484476765e+00,-1.076660202069384908e+01
1.964434692876406885e+01,-2.259236260103009286e+01,5.733264465392542419e+00
6.303006848809401319e+00,-8.347166266150809477e+00,1.665504355958214777e+00
1.281787255148432081e+01,-5.224692018566123863e-03,-1.055260212760212113e+01
7.219796113336776955e+00,-1.207957002600227447e+01,2.451160326595247518e-01
8.579077588577442626e+00,-1.348283863362243196e+01,-7.426859169127066895e-01
4.826526601611774048e+00,-7.117734150992354181e+00,1.933431092629225745e+00
4.559589670612213652e+00,-7.110805106779777951e+00,2.106079372001381067e+00
1.021487878891790935e+01,-1.239875094509357112e+01,-7.677021918229092634e+00
1.048707044468682348e+01,-1.163221937329391054e+01,-8.639500823643146532e+00
1.980273600101304865e+01,-1.638600099845477231e+01,1.366655321107174892e+01
4.018089628903101840e+00,-5.837454387667815325e+00,9.743005378353535306e-01
8.098588765257280997e+00,-1.173671689521261996e+01,1.485991596029467843e+00
8.427082222064147032e+00,-1.378528772961098170e+01,-3.181054589478969241e+00
9.322568470666540819e+00,-1.340201995900376986e+01,-3.710527207448443221e+00
6.666376930668615586e+00,-9.925115956850365961e+00,2.553476875280018099e+00
2.188237508154312394e+01,-2.349026482478387123e+01,-1.427711996186906518e+01
5.284014163308377476e+00,-8.731298087641270911e+00,2.472381872985603746e+00
4.548046387661584866e+00,-6.340970228718106227e+00,7.856428523594769509e-01
5.902534960824100452e+00,-8.118731992659188990e+00,2.838554375406613595e+00
1.848215528957479847e+01,-9.456450182415228056e+00,1.523357722845421414e+01
7.535978785765470533e+00,-1.315098278358261474e+01,-2.644542177412284589e-01
2.361753490982256665e+01,-1.343549961855449304e+01,-2.212281722451863430e+01
4.497382620636345862e+00,-6.939294130683157924e+00,1.528323164442504822e+00
4.305118675751666402e+00,-6.556853119098221327e+00,1.085208960893526253e+00
8.105667354739068742e+00,-1.312631563387509814e+01,1.032351781776261745e-01
6.091499616848219389e+00,-1.255939655758127316e+01,5.725002494928068675e-01
2.302160300044360497e+01,-9.764154001049179854e+00,-2.267057961909715402e+01
5.283130741876920666e+00,-7.188925875135224963e+00,2.018514604952407865e+00
1.592060098048794181e+01,3.660903952763528757e+00,6.870656400785579265e+00
5.918501407067909170e+00,-8.570562731133316348e+00,2.645541786051554656e+00
7.285833388948418587e+00,-1.111060752272113916e+01,9.995651523122903725e-01
1.287265166435936870e+01,-1.006055072379429483e+00,-9.866361103650090669e+00
1.046779275055465774e+01,-8.976018613372293231e+00,-1.071755766355496853e+01
1.676226949768923191e+01,-1.922944232974677092e+00,1.307529484852322632e+01
1.145906797399837984e+01,-6.487302837138908984e+00,-1.138764455896726524e+01
7.151818352915512378e+00,-9.897444842835772860e+00,3.323889676124068160e+00
1.492682536749237521e+01,4.899228609609994400e+00,-2.138315517671940391e+00
2.526545713448393826e+01,-5.074810203482307713e+00,-2.362008570416118403e+01
1.913257306249501966e+01,-1.954165415444724729e+01,1.058761833454834722e+01
9.247847000990926603e+00,-1.422126187057345348e+01,-3.706895212594904621e+00
1.432540837141248247e+01,2.900369822101661832e+00,-7.277477335569630057e+00
2.522570590584081174e+01,8.576980579674533089e+00,-1.847178489859147987e+01
1.294948794273073034e+01,9.156830687877537400e-02,-9.048140663569022024e+00
1.948117885537541838e+01,-2.072980823357816149e+01,9.713160238902872834e+00
1.132026369529352827e+01,-1.030926652955173495e+01,-8.678811022438761569e+00
6.835554611203875197e+00,-1.096235229983621018e+01,2.163750442509330352e+00
1.291940998826090414e+01,9.242819873298122602e-01,-8.937411717094109420e+00
1.889628904789808672e+01,-8.762613455100002113e+00,1.438615483426989705e+01
7.879328655098058576e+00,-1.222359507265064948e+01,1.718890316927780937e+00
1.172351517644431773e+01,-1.267483318448358709e+00,-9.860716156238341412e+00
1.375771950939861021e+01,3.826096763832210534e+00,-6.062768091351983912e+00
3.531740362129893285e+00,-6.178850834692473981e+00,1.214953886730141264e-01
6.659197399447933208e+00,-1.167992691757933699e+01,2.230679018771349664e+00
6.163432582219554590e+00,-1.103106017366014946e+01,1.872160448398864308e+00
2.091682423874258134e+01,-2.566597640921174417e+01,3.127564084656944132e-01
1.268438555744256746e+01,-2.637779770846764293e-01,-9.135649420463956005e+00
9.217486743061419574e+00,-1.317271850968544555e+01,-6.194888685878982670e+00
2.675784018062661218e+01,1.363167737802547563e+01,-1.278390249101688170e+01
4.004060646190088946e+00,-7.066653880632068230e+00,8.383367375519945597e-01
8.004330115704085813e+00,-1.287243114645671227e+01,9.152107162027300902e-03
2.403822452804752885e+01,-2.777757821565844942e+00,-2.413393157934739719e+01
3.892754298611562191e+00,-7.014147694214142525e+00,5.450102185646805708e-01
1.176989451460309510e+01,-2.059750602530852071e+00,-1.016574878383989677e+01
1.384918723223139025e+01,4.964763631285319612e+00,-4.303772365165183800e+00
9.933321400996526052e+00,-1.243101230075391328e+01,-7.256277127261917315e+00
1.514420156679158858e+01,6.605452410224585513e+00,1.451443649066798791e+00
2.038936323491558866e+01,-2.421323289630234399e+01,3.284862009127122562e+00
1.638110360096398921e+01,2.920542563244526768e+00,8.088870699147950205e+00
2.116560842379331220e+01,-2.433112408862368525e+01,-1.141728662065358257e+01
1.343114702900522239e+01,1.217658065889410501e+00,-8.648474746917585776e+00
1.195006682447781721e+01,-6.779871326826201638e+00,-1.077873733983841653e+01
7.496794719472667623e+00,-1.311344201589071901e+01,1.297072111327940647e+00
9.193691530380222687e+00,-1.359284603547153480e+01,-3.310192327020687664e+00
1.577354947873274327e+01,5.183774174743304819e+00,-6.536052847391198295e-01
1.757521011323161275e+01,-7.579942903961741862e+00,1.482292117793057074e+01
2.185030578139933155e+01,-2.014323991946699266e+01,-1.709578771698129174e+01
1.227791524540583623e+01,-2.749617883304248167e+00,-1.060483815263587282e+01
1.274997019533938492e+01,-2.888399674020094565e-01,-9.231027566219742297e+00
9.671344151869130101e+00,-1.448014309491348328e+01,-4.104111641976896152e+00
2.232083427932682440e+01,-2.347530070580327788e+01,-1.362474281700582601e+01
6.640274452332277200e+00,-1.030451957713977151e+01,2.538979289382405025e+00
4.212834299205295174e+00,-7.545217094190256546e+00,7.640711758909268791e-01
5.382551484740540459e+00,-6.204416121425348152e+00,9.962294852635551479e-01
6.716275072067601215e+00,-1.193217044796193527e+01,1.535643786068982664e+00
2.442932852098493868e+01,-9.337197157310217932e+00,-2.192751930116482129e+01
1.516820442385497358e+01,4.655749710251229523e+00,5.879205105204414750e+00
1.559635883258893152e+01,3.644934466153547881e+00,7.813634860516906144e+00
5.315656723352200075e+00,-1.014782853717897382e+01,3.033372293754389659e+00
1.483389044870980022e+01,4.699604991824201328e+00,4.897061155584160552e+00
6.769781119059002705e+00,-8.459694351200159446e+00,3.071225236228865008e+00
6.602948443480380014e+00,-8.635017365676093348e+00,1.972659373269798344e+00
1.927714325065320367e+01,-1.843374957368938638e+01,1.077668429503120429e+01
2.157478170026825026e+01,-2.625888468724086167e+01,-4.651077848881957522e+00
2.304105750511821782e+01,-1.578879861552753994e+01,-2.005607161899573754e+01
8.867345976250527784e+00,-1.365573705057889420e+01,-4.054767345909004561e+00
2.142752399112806572e+01,-2.456888933758835236e+01,-1.103061582737206159e+01
2.105295785240834405e+01,-2.610572166155633766e+01,-3.733238867635881864e+00
1.694722417638339707e+01,-5.590925228671679292e+00,1.528646021312083825e+01
8.946543439661132524e+00,-1.399095291563432397e+01,-2.309889364703663350e+00
5.401977224088858165e+00,-8.722030563649443735e+00,2.968939580843279913e+00
4.049856943533734821e+00,-5.997064896880079488e+00,6.222478103884605538e-01
2.058681761882220940e+01,-2.587966952480747906e+01,1.923249164768669139e+00
1.835190203907615114e+01,-1.263236346359370899e+01,1.438351419947290921e+01
2.316453254434501119e+01,-1.161149692357674645e+01,-2.251428254598699397e+01
1.614681632512299458e+01,3.992063041452600380e+00,7.001877173251736863e+00
1.692535297941225991e+01,-3.588960912838104811e+00,1.323066822992836045e+01
6.455646955041943968e+00,-1.168003371252856937e+01,2.735485348778316617e+00
9.977076433480387863e+00,-1.320428004163239777e+01,-4.325379620730562813e+00
1.738078463110154814e+01,-1.567201086165675328e+00,1.197193212011233499e+01
1.975690775801262689e+01,-2.085945167679798118e+01,1.073542629428292727e+01
2.411666962390230751e+01,-4.949284350503271313e-01,-2.255909851970879032e+01
2.212731878264988694e+01,-2.368163296077458924e+01,-1.222118935764122938e+01
5.275444888912607766e+00,-9.217254317767155314e+00,2.716314760025122510e+00
2.603866679789941330e+01,1.255708067211281787e+01,-1.607734813615578773e+01
1.663231240922786824e+01,3.009800643558340205e+00,9.573376926059433245e+00
7.356480069677280298e+00,-1.245286850419223867e+01,9.655705429989165367e-01
1.865351338179617002e+01,-1.928768092735901618e+01,1.031077721901173305e+01
1.616192666763953412e+01,6.765700799671137133e-02,1.243238184235547550e+01
1.542866292700658093e+01,5.958051995196595563e+00,-2.106599301597515961e+00
2.113603395821421671e+01,-2.451370420292253627e+01,5.000879889333602613e+00
1.030822259203822533e+01,-8.986287843219637139e+00,-9.692475997258899412e+00
6.234561473638162710e+00,-9.759385822771850627e+00,2.545186700604142427e+00
8.096533205215189710e+00,-1.329014914250574719e+01,4.395487421450807730e-01
8.296520222873414951e+00,-1.388798675819212747e+01,-9.710791128828140106e-01
1.819114235606220120e+01,-1.540515376479361720e+01,1.347027400652728168e+01
7.057089643802001433e+00,-1.326421432521019028e+01,3.518798550989958862e-01
9.732115949206388450e+00,-1.435959918980491068e+01,-5.185351596562727039e+00
1.185694685957471783e+01,-5.057996720673837210e+00,-1.108943935606792230e+01
4.530400784272819337e+00,-6.256372857316624625e+00,6.586791399703511019e-01
3.349812065588268162e+00,-6.779397634002383377e+00,-1.240286714673597857e+00
2.146341648139993197e+01,-2.660777124457761644e+01,-3.389762562866063700e+00
1.308237306424228485e+01,4.352320420073632512e+00,-5.350499308728395853e+00
1.800373151033933183e+01,-1.285774377312631778e+01,1.478866223856763895e+01
1.018648335611039712e+01,-1.283365905594977008e+01,-7.511617015082380888e+00
6.924615076669036640e+00,-9.797280052931242267e+00,2.236129806542396015e+00
7.432926965748006154e+00,-1.369962705481234266e+01,-1.173955482613406653e+00
1.057642079885968300e+01,-9.074320833752832272e+00,-9.381515398935764694e+00
8.310079901938806302e+00,-1.228694456736275598e+01,9.001210538958508423e-01
1.908861216936588789e+01,-1.985382830051395686e+01,1.132181237257862350e+01
7.608766580205125862e+00,-1.323780709723172144e+01,-1.458528837184169591e+00
1.540201235615190534e+01,4.808021136397685247e+00,5.645811741397412931e+00
1.784608758683472018e+01,-1.537607585012980849e+01,1.252475874716186333e+01
1.535810960133968450e+01,5.332182149309660169e+00,-1.018371338679251004e+00
1.264912413941907765e+01,-2.391541051031203402e+00,-1.084924617517901169e+01
1.391433731541126662e+01,5.166950367235631170e+00,-4.780744703437450838e+00
9.563446090624756479e+00,-1.335704122179495812e+01,-4.963050430276335412e+00
1.686508753241843195e+01,4.575450534383049828e-01,1.082972299063093935e+01
1.054329231894819685e+01,-1.141705317447024193e+01,-8.273241151233284185e+00
2.303320968798100310e+01,-6.201085005790710980e+00,-2.222523507704035950e+01
1.080258498001853873e+01,-6.244715700622299082e+00,-1.062284955630264704e+01
4.587845809211865244e+00,-6.550370794511183981e+00,1.532502025716993010e+00
8.084370059733993585e+00,-1.343543213269004610e+01,4.691028945591577681e-01
1.787579348156884507e+01,-9.332585837803719642e+00,1.497599947128181874e+01
1.124427403634775935e+01,-1.007962423321477807e+01,-9.063620017544558038e+00
7.799746796327159615e+00,-1.385798120134865385e+01,-1.425022216799118002e+00
1.507239651303152783e+01,4.939261739857516709e+00,5.146613539189506703e+00
1.739695700836085379e+01,-3.178956579554215622e+00,1.300900704644130279e+01
1.290591895909028253e+01,-1.493057928959551361e-02,-8.858213548206691712e+00
1.666597223636445335e+01,-9.594520374240111948e-02,1.318253093102315354e+01
6.278041897447139696e+00,-8.924910011142356936e+00,2.608785299661021018e+00
1.314385300518510213e+01,3.948360671057609572e+00,-7.040527392736676937e+00
7.552098014464831977e+00,-1.099904009994869725e+01,2.719063595523874000e+00
2.044655519539495714e+01,-2.668793147665486032e+01,-2.415341813578053554e+00
2.007305352280492272e+01,-2.102848573071651828e+01,9.908056523333272025e+00
1.560617285690837797e+01,3.950061643555016211e+00,7.709647521675821125e+00
1.267485903113503198e+01,3.406524304738596243e-01,-9.875588326728069077e+00
1.789623270738916005e+01,-8.502000367654853008e+00,1.497805746641985358e+01
1.319745580478087099e+01,-5.787126412757448435e-02,-9.620904531638734269e+00
2.326205682132209418e+01,-2.117885373478931044e+01,-1.548282609951922417e+01
2.004398025559033414e+01,-2.267562946414561509e+01,6.519035029705677609e+00
8.876592494157177882e+00,-1.338345096216514563e+01,-1.157434678727616850e+00
1.622967206312772248e+01,1.240736974842318041e+00,1.159223460029143737e+01
2.466435567898806269e+01,1.449598889586996897e+00,-2.292637852703687429e+01
7.569343502746830765e+00,-1.199896204122193311e+01,-2.042951303879747549e-02
1.918039414902924378e+01,-2.296026826032343493e+01,7.695938964401673132e+00
7.742116571145245985e+00,-1.207038051323297267e+01,-1.045523723622201029e+00
1.954844697756890781e+01,-2.497747114942972857e+01,3.952796794391016277e+00
1.632427519780853942e+01,-1.783078568638595485e+00,1.412767282896855470e+01
1.409727647945056361e+01,3.873100726490512180e+00,-3.577401371992735335e+00
1.031884754955862427e+01,-1.262216056454711044e+01,-7.134917344974503806e+00
2.937458513883744793e+00,-6.765288902987050434e+00,-2.221560622287870324e-01
1.085263562130505122e+01,-1.014624561361925359e+01,-9.795169759143107058e+00
5.826389637659663556e+00,-9.153196310421051862e+00,2.627246911971151455e+00
1.514377478176687930e+01,4.512784479882667732e+00,-3.337757641539422782e+00
2.484038927267795316e+01,1.217744048381815247e+01,-1.511872807152568576e+01
1.851631613994898018e+01,-1.026987847102076756e+01,1.413782392054822523e+01
1.406607403714526328e+01,1.381349956154383385e+00,-8.803572034282003855e+00
1.152052869369916444e+01,-3.447819071847617600e+00,-1.103757569461125065e+01
1.120468256631661852e+01,-7.368015102201546540e+00,-1.051437023945115534e+01
1.332094856423278451e+01,-4.764051555049769071e+00,-1.038435617552582713e+01
1.247388343970132674e+01,2.746724186812557811e+00,-5.739848149657846399e+00
1.478179881016299824e+01,5.550117913368130651e+00,-2.633744008712073370e-01
1.924121134888230600e+01,-1.253280795188469732e+01,1.445388466258891569e+01
2.266183447260117134e+01,-2.310117242247675051e+01,-1.500941277311370392e+01
6.020817089602879868e+00,-8.010772181906260059e+00,1.618174629146450716e+00
2.146858878343033794e+01,-2.566067087017313497e+01,-7.218945277621401146e+00
1.621256315922986957e+01,5.919355100845893780e+00,4.528911125540989069e+00
1.197503561018772089e+01,-2.154366725714136344e+00,-1.082257403592566725e+01
2.260205125172374707e+01,-8.268643692696924674e+00,-2.294178621022025055e+01
2.004461859943096513e+01,-2.436965450312537129e+01,2.937884862741822367e+00
1.567606010710446540e+01,5.344252917539971115e+00,2.040208019968922315e+00
2.169422551370177388e+01,-2.106789008152881237e+01,-1.587971612052708004e+01
2.221965699456329801e+01,-2.588664956883840063e+01,-6.771008754194609125e+00
2.085741094550907704e+01,-2.605311242369706548e+01,4.557028347666771673e-01
1.074590033931101196e+01,-1.270706431596138763e+01,-8.047059739424870628e+00
1.735484497851404484e+01,-1.250824704150740985e+00,1.199064945858849462e+01
2.445933549648849947e+01,-4.118481382849403794e+00,-2.297878133734609918e+01
1.014323127900081012e+01,-1.187611179979089648e+01,-8.403026356414832421e+00
2.260904573600389256e+01,-1.863161453443731119e+01,-1.909024576376092597e+01
2.145067552974443714e+01,-2.317859466533477786e+01,-1.212906041132544921e+01
1.982425240820114709e+01,-2.282094286210035960e+01,7.420015285746851319e+00
7.327613982080942279e+00,-1.107305804113166481e+01,2.066667338340721471e+00
2.555153850102290036e+01,6.180383615763603622e+00,-2.102182077582616415e+01
1.010697896581174682e+01,-1.258935117940922055e+01,-7.175211844356872426e+00
2.154766513879960144e+01,-2.611031196747577710e+01,-5.346359265526682281e-01
9.496625848582096907e+00,-1.410778795569997257e+01,-5.968105287310561557e+00
6.140069449915493749e+00,-1.022186404165284657e+01,1.716588144442932951e+00
2.006398435122285306e+01,-2.572118106724387232e+01,3.073294019530954380e+00
1.634210110038220520e+01,2.411386924941541388e+00,9.539566218726717395e+00
1.333723542256096017e+01,-5.987427015427559951e-02,-8.088827329609149075e+00
1.283700502012248990e+01,-1.689074747536980503e+00,-1.068989404373356678e+01
2.310573782779740171e+01,-1.729058651112188372e+01,-1.909006285753892485e+01
5.304777440068442651e+00,-8.130126364332484812e+00,1.750262709010497630e+00
2.252858568549002882e+01,-2.372640349761774559e+01,-1.232975866943885457e+01
2.208418114146449085e+01,-2.028370712760799321e+01,-1.695770381091592327e+01
1.996927680529851656e+01,-2.287761180674238304e+01,7.078070894113842826e+00
1.162251991464229661e+01,-4.718992903388377513e+00,-1.107152990939307635e+01
6.428318122441837090e+00,-9.868145229349664760e+00,2.752442290572005845e+00
2.303719699520223330e+01,-1.387290489523010706e+01,-2.190364096787549641e+01
1.470593111242053830e+01,5.908486490501513977e+00,2.730773799320538764e+00
1.411680731443424008e+01,5.397611975436901410e+00,2.474768750828486574e+00
1.355850624968552154e+01,2.443457423942230200e+00,-7.695788590747113744e+00
1.120676749642655068e+01,-5.570864006448433159e+00,-1.024452388559919491e+01
8.691923485842419694e+00,-1.462767666864503724e+01,-2.188972930889909740e+00
2.518115028719757476e+01,1.215851110385398570e+01,-1.519615810617602669e+01
1.890933598233750956e+01,-1.619827022668360783e+01,1.343000528578523145e+01
2.055448295269335901e+01,-2.654261260327181304e+01,8.321203577417006780e-01
2.243057567024769483e+01,-2.387056591223324631e+01,-1.243294891769894228e+01
1.519004865572293994e+01,6.168149322069871765e+00,1.579605541963419402e+00
7.803139098699933385e+00,-1.187290142245653435e+01,1.218277795002848940e+00
1.837140427362895778e+01,-1.744744651221009235e+01,1.153390362701948924e+01
4.134863094071127065e+00,-6.182302608878023520e+00,-2.213789348070631657e-01
6.544053333615087453e+00,-1.006556234584045662e+01,2.914355995508532082e+00
7.820180475908495410e+00,-1.330239558372155528e+01,-7.588846193196074896e-01
5.372584408457768745e+00,-8.819357855259688961e+00,3.235939946687333979e+00
2.286377763416580322e+01,-1.765191665693305723e+01,-2.027646530523981738e+01
8.056307689539272232e+00,-1.364611708005502066e+01,-1.040532892853164748e+00
2.600976152592165036e+01,1.269663433014256171e+01,-1.285699486202717523e+01
9.940668257046679557e+00,-1.014383127056241207e+01,-1.005082842541397170e+01
6.574758807114739589e+00,-1.136817086323861226e+01,2.785048798150224325e+00
6.369261158515968191e+00,-7.943204395371625814e+00,2.957743211633388825e+00
2.606360939411646527e+01,1.422140106999828646e+01,-1.180268130805715465e+01
9.012430006743267441e+00,-1.376117257492106205e+01,-1.572921304338365189e+00
2.295966359104549426e+01,-1.996047796099093219e+01,-1.765791743066063191e+01
1.241351129673464726e+01,2.101316146321847711e-01,-7.731090973179729708e+00
1.963097992002737513e+01,-1.905828544243102129e+01,1.180537728672040743e+01
2.411233048153641434e+01,-7.183212962803311896e+00,-2.410767467382302698e+01
2.253297924065808999e+01,-2.547951871682246150e+01,-4.624078443846567410e+00
1.513536096375898055e+01,5.241752333011606702e+00,9.483876988222101900e-01
1.937963886323884566e+01,-2.417531196867813748e+01,5.352943612762063097e+00
2.228539007655298221e+01,-1.969341740923589157e+01,-1.828596072354638835e+01
8.189519961118961078e+00,-1.413583843012129471e+01,-2.070776080929076279e+00
8.727764168634033481e+00,-1.352830841420886543e+01,-3.529263129994613113e+00
2.051230003833839888e+01,-2.611849087780997536e+01,1.865159573028842388e+00
3.926271882453408413e+00,-5.752096378302901769e+00,-2.677184075298010280e-01
1.611559207664653570e+01,1.568581967629328666e+00,8.144646646921355426e+00
4.344650508285765156e+00,-7.254256633761306361e+00,1.191899550041862987e+00
1.476276238952588038e+01,5.714416346904468647e+00,-3.169914330750125853e+00
1.200397207704018676e+01,-9.817620591742697300e-01,-1.145867620924562580e+01
4.490847332300337058e+00,-6.293705266938934173e+00,1.381139407157638832e+00
2.346540651556653856e+01,-3.934336763083390309e+00,-2.381999810272223783e+01
5.814343584659583897e+00,-7.221266268386170140e+00,1.144062159828406422e+00
1.171299681733527365e+01,-7.074753794871936563e+00,-1.098999308272407838e+01
6.757423901690621904e+00,-9.135381974823129525e+00,2.618165125446557440e+00
2.214758774109295558e+01,-2.090085068222564146e+01,-1.668425931786434546e+01
2.150984395551909500e+01,-2.552209603002873450e+01,-5.421972340492052567e+00
2.619234089989640424e+01,1.579553883051059771e+01,-8.241139126873921583e+00
3.660743059926329757e+00,-5.558203873922593630e+00,1.894669290098610848e+00
2.274068271626153503e+01,-1.547939021787257019e+01,-2.039722667304535264e+01
5.415970524385222973e+00,-9.012901930175438281e+00,2.589761883319367186e+00
1.375977899697920392e+01,4.300219957350324584e+00,-4.254886591257382555e+00
6.905830163223500406e+00,-1.149875398671117388e+01,2.132586697383511698e+00
1.700640818295847723e+01,-5.741444477684074954e+00,1.370167499120037746e+01
1.420336862032664271e+01,4.053527896125662444e+00,-4.514147740919165486e+00
2.141727526128607906e+01,-2.614292271913464560e+01,-1.861854534335793732e+00
1.344877849252288193e+01,1.582781494894556218e-01,-8.818973822700286291e+00
1.036491562453851145e+01,-8.943700672690336972e+00,-9.873658612949256508e+00
2.573593731721301836e+01,7.560287275386760264e+00,-1.930020715846036694e+01
1.436134828034665922e+01,6.115002230910394410e+00,4.976206164045708924e-01
1.142219912645135516e+01,-7.185156908378232288e+00,-1.121111731985273963e+01
1.195529737073526810e+01,-2.905812972811709471e+00,-1.008431664735532962e+01
1.149081485861253427e+01,-1.115954035822642076e+01,-8.650606950801510209e+00
2.417261289879074937e+01,-3.492455184616749087e+00,-2.323556101387963224e+01
1.177802250054865318e+01,-8.332203738393664239e+00,-1.017820988979364571e+01
1.373497658884353356e+01,-2.700480995789344973e-01,-9.464090776641770120e+00
2.152704765736172732e+01,-2.344858663440417601e+01,-1.323309251430787725e+01
1.384914686628341940e+01,1.783346535357503093e+00,-7.641983367288610829e+00
1.580745021393452099e+01,2.868352997211364830e+00,8.254973744418835579e+00
5.706443707247517594e+00,-7.088941595804350904e+00,6.207023962635940251e-01
1.042439783809316367e+01,-1.072242817210399579e+01,-9.230449121451632877e+00
9.155633357772419600e+00,-1.302522463613280479e+01,-2.140737549715580279e+00
5.618876757550852474e+00,-7.062180682240769336e+00,2.312431458133238138e+00
9.406666130707060702e+00,-1.343964908951016390e+01,-4.860304384624765106e+00
1.676731795417415327e+01,-4.737193813489671612e+00,1.378436120540708743e+01
1.695329152296762487e+01,-3.006724904370758011e+00,1.368326442054545033e+01
1.312033120070528724e+01,1.900623582474310069e-01,-8.944644944556923605e+00
1.608757631590937720e+01,2.355885062506741789e-01,1.136776235125385170e+01
1.154874864832947523e+01,-8.559654253984671612e+00,-1.016263144265091078e+01
1.166891807930378633e+01,-8.444221035425533373e+00,-9.699911153927244456e+00
2.457659789454210042e+01,5.598583367487428575e-01,-2.261664699667650069e+01
2.075437602466496045e+01,-2.483565044189185400e+01,2.199623915982989342e+00
2.685143565702432866e+01,1.686817486700240565e+01,-7.388017870346942573e+00
2.134682298489288499e+01,-2.722862334944046481e+01,-4.144509326962807272e+00
2.318353753772999326e+01,-1.651606298559597974e+01,-2.048273521535046626e+01
1.326959036710392859e+01,2.368462582872120414e+00,-8.144275356931142795e+00
4.046237088802604021e+00,-6.547436703799695223e+00,1.320427605345359190e+00
1.346283255024571979e+01,2.525295005896233569e+00,-7.512172642262189726e+00
2.199036093205726061e+01,-2.528661685409227289e+01,-9.718852110966340163e+00
1.837265922542116670e+01,-1.748057946613262459e+01,1.284465499197332328e+01
1.926520136917274684e+01,-2.190309771714446185e+01,8.220488962923797160e+00
1.514428800522444618e+01,5.483726771845106818e+00,3.521974003103575335e+00
1.458570537094653830e+01,4.834081378752377312e+00,-2.028768550078621224e+00
2.178352453464813365e+01,-2.444383458084961447e+01,-1.008930925699115022e+01
1.754000838178522415e+01,-5.102946298347888821e+00,1.484907239367638887e+01
1.848138672102928126e+01,-3.685909693195588588e+00,1.410956567511424353e+01
8.490056753706092252e+00,-1.399387560633241279e+01,-3.184614855211155948e+00
1.593399702611558233e+01,3.471860802704106241e+00,8.600079893442066137e+00
2.407251145979249074e+01,-7.275314599565289697e+00,-2.293056341124427178e+01
1.674062446819076655e+01,3.229096180334520838e-01,1.117455835242325790e+01
2.318127904916508086e+01,-1.799868130264278321e+01,-2.001899437270137838e+01
1.950173304683986331e+01,-2.384171968365481220e+01,5.219354714995962041e+00
1.965210941325579341e+01,-2.287669379624462707e+01,8.100994143573656103e+00
1.469344728774298225e+01,5.212563538731541435e+00,1.598701742430525652e+00
5.346173693169625096e+00,-8.319401231280000530e+00,1.194088321693766108e+00
5.110591289743826593e+00,-6.997531052589042844e+00,2.157163858721566463e+00
1.443178869012463572e+01,5.515670387612275682e+00,-1.735841800585647077e+00
7.565199111351599726e+00,-1.260704881821683898e+01,1.124178289514855322e+00
1.164067433415608654e+01,-2.610287265168273585e+00,-1.039228261371419570e+01
1.740487215868784077e+01,-6.511306261435822584e+00,1.488785078831362974e+01
6.834885784505054573e+00,-1.093743100544909908e+01,2.320005463001990176e+00
9.144855924113519663e+00,-1.401964303614456853e+01,-2.138005378872123163e+00
1.586235800599064838e+01,4.778534523520366228e+00,7.274253445721596378e+00
9.148031070109642116e+00,-1.348698655243187794e+01,-2.100658987607335160e+00
1.404664595027373863e+01,6.192260803135337888e+00,-2.640193020971708826e+00
1.591777613058741458e+01,2.359485362839534695e+00,8.758307168235621276e+00
1.834881731932261673e+01,-1.581595398885556847e+01,1.339976709661184984e+01
2.533975326385773030e+01,1.106271223788852609e+01,-1.625033146410964946e+01
1.211897280971400015e+01,-4.283172979347898313e+00,-1.137089778754230984e+01
1.881070214214910763e+01,-2.112689295714271509e+01,1.026357360928932749e+01
1.551625352738800068e+01,5.337816302659873280e+00,2.714653795052834884e+00
1.992612429376245942e+01,-2.067497187014286908e+01,9.229301963058745173e+00
1.301077012640076624e+01,1.874017247512113293e+00,-7.879441181951912121e+00
2.103040013645074424e+01,-2.620814018238652565e+01,-4.987010539490871253e+00
2.343682922868167751e+01,-8.965896590435001201e+00,-2.274414014640029791e+01
1.591036310395064746e+01,1.668039854149161449e+00,8.721806624841301314e+00
2.107423059849663005e+01,-2.444883676074177359e+01,-1.239793422074283313e+01
1.011944366862372924e+01,-1.239294726155507576e+01,-7.559240297673714970e+00
2.047255955100037639e+01,-2.578645203183630841e+01,-3.244903615313937451e+00
2.617190568366683223e+01,6.225627451056479522e+00,-2.049007250998361229e+01
2.482861620317560991e+01,7.216136007521627427e+00,-1.977306215073611639e+01
2.471378090179000253e+01,9.503117979314019692e+00,-1.756960639987511286e+01
2.525486694104066387e+01,1.596594399662877706e+01,-1.049568444805337997e+01
1.439272813773745163e+01,4.366053161670669702e+00,-3.649759661751583284e+00
1.635759280915426928e+01,4.031987925356458113e+00,7.767877271182909382e+00
2.356198070123604182e+01,-1.822954817147143558e+01,-1.896024799305326525e+01
2.235984099275620451e+01,-2.171092298182126967e+01,-1.614928214096586601e+01
1.231588686790117038e+01,-4.738422573257817128e+00,-1.065588623787593470e+01
2.328591774017433380e+01,-1.435695467409254888e+01,-2.182094160420029283e+01
1.995312579795000829e+01,-2.440100209300568679e+01,4.946117771382794182e+00
1.348041423580614406e+01,3.276257422221878990e+00,-6.421842598117234679e+00
2.188766005590647978e+01,-2.398774153560882638e+01,-1.320312262336140030e+01
1.102446289076129027e+01,-7.570488681308882306e+00,-1.093550140324746245e+01
1.196874207185018335e+01,-2.745031332381755895e+00,-1.000715935701159331e+01
1.424399871419267960e+01,3.505045400301617597e+00,-6.079064877201169281e+00
2.397922359666646486e+01,-1.296537512259452818e+01,-2.179293936565116496e+01
1.336533167075202400e+01,4.603436355560464044e+00,-3.373879340115852443e+00
5.938607938211756476e+00,-7.683512989569407203e+00,2.038761651845470091e+00
1.980799998129430506e+01,-2.389792816372647266e+01,4.656594621077291052e+00
9.675417472144237863e+00,-1.386926557863174736e+01,-5.113922205504518814e+00
2.356265868702679356e+01,-1.645651021807132608e+01,-2.096977909413447350e+01
6.324787403454191548e+00,-1.210174153949093601e+01,1.207578850941470439e+00
1.987608245310292432e+01,-2.491779585406550979e+01,3.476832096257118643e+00
2.166577332205659800e+01,-2.588683754544189242e+01,-7.662473641644264255e+00
1.777791658847976208e+01,-1.733874005808248242e+00,1.292781460709049135e+01
1.915675138440426295e+01,-1.574542699556009850e+01,1.298079466846799690e+01
1.936133839447892413e+01,-2.258549612512778992e+01,8.932596615713553234e+00
2.508224380307736823e+01,9.326140559975229394e+00,-1.731136423179978578e+01
1.033153225912175266e+01,-1.322798655280663382e+01,-3.755390409371381022e+00
2.273624498405809646e+01,-2.372688928811433939e+01,-1.299385610502396737e+01
1.281159418393686167e+01,2.345679902572524789e+00,-6.755005604810242481e+00
2.087337640845328224e+01,-2.578531874126039014e+01,1.146283800838699296e+00
1.497918575942056307e+01,6.304899421829968098e+00,-1.391397209818867164e+00
1.685316037526309429e+01,-7.731630158540535369e+00,1.505736578244114376e+01
4.816848230152659838e+00,-7.750396459533855698e+00,3.000555204229509165e-01
9.230077114576102915e+00,-1.426845895826724053e+01,-4.178769101199424796e+00
1.651160409690649544e+01,3.263921521465877440e+00,7.199048956468736549e+00
1.249212150104483143e+01,-9.019591941644033994e-01,-9.542055152861269818e+00
1.518538046542044384e+01,4.550891139085806891e+00,9.212176538977243645e-01
1.736980297190575939e+01,-5.425910891778216616e+00,1.461729866570997416e+01
2.538919219967998941e+01,1.454172297412333847e+01,-1.037648205588952166e+01
2.194266140642715612e+01,-2.700004337951372335e+01,-4.571966439612294764e+00
1.693820151115191308e+01,-3.350957884659627961e+00,1.334577316904475452e+01
1.972508113054781020e+01,-2.448981549856138784e+01,6.972184227882037177e+00
2.114640405397779332e+01,-2.526490958564891187e+01,6.294405030680498836e-01
2.026684435570955500e+01,-2.410053076486639867e+01,4.823298534617702416e+00
2.054563130721570374e+01,-2.381046802047153221e+01,4.505289725573802251e+00
1.413262987179951402e+01,5.356208577396571080e+00,2.107904807204953990e+00
8.371088352783994324e+00,-1.287717515405282498e+01,1.688852401958146121e+00
1.982009133905154741e+01,-2.472690303757821084e+01,3.826025210174446300e+00
1.494284654692304315e+01,4.850093485455801989e+00,4.335101641582176590e+00
1.192213701262360814e+01,-3.501344234853501103e+00,-1.114254194934554931e+01
1.233125195761659754e+01,-8.626258161535549362e-01,-1.061759428889177848e+01
2.638839236734244764e+01,1.834452674876221678e+01,-6.999820692063727812e+00
1.412397515453787911e+01,4.441732843787595364e+00,-5.517895724700044857e-01
4.994824099780398541e+00,-7.261416708424443200e+00,1.260607884431212522e+00
1.110064285975399656e+01,-6.620883852693684624e+00,-1.173676778265741127e+01
1.855707569312059135e+01,-8.920363398032657543e+00,1.364393162557992234e+01
1.978070282394129720e+01,-2.035478665156414380e+01,1.004620212823427927e+01
1.572779598008688851e+01,5.554710985947908242e-01,1.123561803361210920e+01
1.470697866715481972e+01,5.435173225054987789e+00,-2.062569184868013217e+00
1.293061332723554102e+01,-4.685140869903676730e+00,-1.089962554432043085e+01
2.241035207182362754e+01,-2.399378848098107397e+01,-1.189840913936498801e+01
1.125993631758902680e+01,-1.207155524718314510e+01,-5.962420331831191689e+00
1.531584927794298956e+01,3.061669515235398542e+00,7.163400228070599951e+00
1.920738614237074771e+01,-2.414166517817354318e+01,4.692921273099221580e+00
2.374613099988856035e+01,-8.195621953135528770e+00,-2.273139334049360372e+01
2.589645733174912223e+01,1.629021518787582323e+01,-7.093422758445099952e+00
8.401498436674268433e+00,-1.375333963384859182e+01,-1.526590180308619704e+00
1.586639494505238623e+01,6.006716052845892939e+00,4.315000450142298050e+00
2.513654507694387163e+01,1.968634505849039762e+00,-2.311989977173310251e+01
1.809923627117503031e+01,-4.719864513570952269e+00,1.374649989926335714e+01
1.864401842156636846e+01,-2.102054923980609402e+01,9.377730542984135553e+00
1.939743784762634249e+01,-2.232957098451484512e+01,8.396294876585335132e+00
6.189757914907195513e+00,-9.104834579712303366e+00,2.300321804968418427e+00
2.426912514320380510e+01,-1.257603916733168958e+00,-2.235223539902650458e+01
4.385945785902803706e+00,-6.020456244686851477e+00,7.209501608316684074e-01
1.752114654911539660e+01,-6.018537008577111713e+00,1.454175432476469432e+01
2.156129079745074861e+01,-2.640390757720264858e+01,-1.613852437426660735e+00
1.455680215858329696e+01,5.236741018159229988e+00,-1.488454555034077753e+00
2.619923939777534017e+01,1.484866306750926412e+01,-1.181042587901669272e+01
1.705440259833099148e+01,-8.244656415078146949e+00,1.374964385274364354e+01
1.080153365534254917e+01,-9.683647671249412170e+00,-8.989563743717930322e+00
1.939268890837919201e+01,-2.548357895886853441e+01,3.517011595359853970e+00
1.791315200899453330e+01,-1.510750957582581577e+01,1.358471692980101153e+01
2.370137948008053641e+01,-9.259651195862208084e+00,-2.257335784680862645e+01
2.543812305418260067e+01,1.309718143086379172e+01,-1.445957355987915172e+01
9.675745852056484964e+00,-1.351672692400412856e+01,-4.102153151661007691e+00
3.562233324218383679e+00,-5.926985926816761285e+00,-1.381561208221213644e-01
1.932128103412230757e+01,-1.968452249925336517e+01,1.077223160678077640e+01
8.478193983471308925e+00,-1.117119337743558916e+01,1.385156770313188623e+00
1.810490221456069193e+01,-1.237342421336984266e+01,1.413672831435098232e+01
1.528368910781727763e+01,4.818825764667333367e+00,4.849977460912127114e+00
2.658573070843726782e+01,1.770688487574752656e+01,-5.828596864892722884e+00
1.339346592897467936e+01,5.240770276693830887e+00,-2.949411944642311934e+00
2.087361754167300276e+01,-2.529008986983027185e+01,-9.056942649094953168e+00
2.455422212869780907e+01,2.616510307857105921e+00,-2.172615902846477098e+01
1.902070105076570883e+01,-2.263886737796014970e+01,8.420564772554000044e+00
2.527377626624629059e+01,8.374927252351710649e+00,-1.826049177166931514e+01
2.628169339837640450e+01,1.383684441492921025e+01,-1.251458237250198025e+01
2.119693917636971037e+01,-2.555942930923443512e+01,4.012111483905216325e-01
2.263666765791331059e+01,-1.970368613436385985e+01,-1.671772466938027080e+01
1.804141541097152412e+01,-8.461943245659396595e+00,1.352662153520397048e+01
1.874792423780163375e+01,-2.103387313582268092e+01,9.307922198149290338e+00
2.090805364583402337e+01,-2.544519391541260944e+01,1.431894941073290184e+00
1.870416924915054580e+01,-1.332562212510831401e+01,1.310645060560786135e+01
2.670410961206907885e+01,1.635935294860294675e+01,-5.561533850067672091e+00
2.661641054630572967e+01,1.621457304123468646e+01,-9.001407978243616270e+00
1.757398433184464892e+01,-7.339404394859850633e+00,1.443033385079859876e+01
1.754747881493114647e+01,-4.144721857408338650e+00,1.360067587365037056e+01
1.718421179237487095e+01,-2.988453632785307512e+00,1.365579728223067590e+01
1.445302845037893391e+01,6.504977689999114965e+00,1.049455131217200243e+00
2.514203303839694925e+01,2.100934095051690598e+00,-2.138964893013869073e+01
1.462087223024265015e+01,5.731317779403812374e+00,1.072510489729729954e+00
1.723046503318723666e+01,-2.060815661550527089e+00,1.197201202633523565e+01
1.340466975572003960e+01,-1.234611707301389139e+00,-1.016839919287774308e+01
2.127560429156662636e+01,-2.593942714722985698e+01,-1.187111503594445949e+00
1.746324131747647712e+01,-7.311422990095265639e+00,1.464599213321039883e+01
1.993560849490860676e+01,-2.090348994318480891e+01,1.075555268253570773e+01
7.638469377559760076e+00,-1.268195232816358597e+01,5.018570059805065320e-01
2.385432293392500469e+01,-9.963009128057283448e+00,-2.331031261340206129e+01
1.133054212698301733e+01,-8.192475635926486532e+00,-1.011757458401461562e+01
7.494620485987201874e+00,-1.295863403921326551e+01,1.545094465835450848e+00
1.967677668432564886e+01,-1.913027294056395533e+01,1.148326616798142297e+01
1.923668568746521501e+01,-1.260224840252439193e+01,1.441667731003316710e+01
2.246520538455834526e+01,-2.621201998499466868e+01,-6.470950115760444987e+00
2.471914090975780809e+01,-1.768178453888226365e+00,-2.157038603308539848e+01
7.435199307165166971e+00,-1.200506094789014888e+01,1.451093811805416856e+00
2.581364644679286258e+01,1.160065633335593560e+01,-1.556437603488778088e+01
2.162524493232928791e+01,-2.561889480923573359e+01,-6.599768179724442518e+00
2.558104538331870259e+01,6.038256943281870015e+00,-2.144167203683432632e+01
2.051658077269308222e+01,-2.633362517895839261e+01,3.709260337434128196e-02
4.938047559673222509e+00,-7.147856578053565002e+00,1.879307635610208305e+00
2.239577772728431526e+01,-2.444446218459414766e+01,-1.188063944678044237e+01
5.414179412726998208e+00,-7.682703213544816556e+00,2.088781840202358797e+00
2.112859735411380768e+01,-2.459629545000203876e+01,-1.145295621808573472e+01
1.885333068470767870e+01,-2.183916671060952908e+01,9.401207128951051928e+00
2.421132464566532150e+01,-3.935730645589023968e+00,-2.336864962840157744e+01
1.206020262603299642e+01,-5.065351968902742641e-01,-9.792602190405750306e+00
2.468568725636113825e+01,3.322011953546867069e+00,-2.131221738420153144e+01
2.235877571572716960e+01,-2.116280535855354117e+01,-1.663432908783774877e+01
9.453304426202329580e+00,-1.336618033301169994e+01,-6.947726434666460449e+00
1.951982111259196984e+01,-1.982512898884142061e+01,1.168821505935973626e+01
1.380786147525128449e+01,2.296157115368532509e+00,-7.963788272971132010e+00
1.629076430939239017e+01,-2.011042016403104427e+00,1.319261740755360179e+01
2.199220212690133280e+01,-2.586589133179847622e+01,-2.243436891808469724e+00
2.486509972065838880e+01,8.885375939253705724e+00,-1.764686177552493263e+01
9.262216704199971673e+00,-1.457673436558977542e+01,-1.421147656495748812e+00
2.265686173130742986e+01,-2.540279881120788019e+01,-1.064263991704245882e+01
2.528926509631806496e+01,7.876282434112353847e+00,-1.899884356304903577e+01
2.174124479787587561e+01,-2.582917137102553440e+01,-9.039713057945650831e+00
2.606373133903819195e+01,1.253240524356625230e+01,-1.389308140114126111e+01
1.964003667383432727e+01,-2.048658127374620719e+01,8.928204049326204483e+00
1.621157228674842088e+01,1.350655339574911018e+00,1.081343639535893075e+01
1.565935190747207884e+01,2.811394350390323815e+00,9.292806315020158081e+00
2.097877746103495866e+01,-2.491270915590614266e+01,3.455756327161361163e+00
2.097136260699557653e+01,-2.468210048800793643e+01,3.293143939006740517e+00
2.581946439776644553e+01,1.785021044451976024e+01,-4.879026458799026855e+00
5.377013781098723300e+00,-8.856008563756073926e+00,2.317097449855962665e+00
1.510693040645124796e+01,4.701540744398914562e+00,5.282082480462396923e+00
2.546826427071196619e+01,4.549811003070890258e+00,-2.125644532632559702e+01
7.341696513224130527e+00,-1.145830254395111680e+01,1.972034154540442508e+00
2.245830541721123552e+01,-2.483415315969391557e+01,-1.115825686096097158e+01
2.551753367344477752e+01,6.762650241879920365e+00,-1.952051681734236865e+01
1.464455903800639369e+01,5.326728163785118930e+00,-3.553170888014037132e+00
1.063321973957261157e+01,-8.992246457676619897e+00,-9.975421183052016971e+00
1.530000725556413599e+01,5.101844962992619692e+00,-9.188724914814785372e-01
2.540687271364042488e+01,9.473514715245386242e+00,-1.696110244895483277e+01
8.198666498090684485e+00,-1.378548704173702077e+01,-4.911752274273016639e+00
1.572986550804393779e+01,2.846878348088725197e+00,8.298194295697189915e+00
2.029741634705190023e+01,-2.587077253483554884e+01,4.790251610927698245e-01
1.813907543037277037e+01,-1.822792700624311024e+01,1.248696196688529980e+01
2.580999574825163378e+01,1.161044416937404833e+01,-1.551079718000966068e+01
1.586235695390923084e+01,3.887414422108860457e+00,4.776448543070914710e+00
2.519655465233795866e+01,-9.017265225481260416e+00,-2.298176485406207092e+01
2.471010832751492359e+01,-6.592459442765898459e+00,-2.293831898722635287e+01
2.449467567175208771e+01,-8.567370750619147657e-01,-2.285983210996698034e+01
9.960230181439836628e+00,-1.227227613819709617e+01,-6.346030696773343749e+00
1.846703276591660270e+01,-1.135070131073076993e+01,1.398154733043795872e+01
1.093463363304534752e+01,-4.933371061817548586e+00,-1.031745292549059734e+01
2.304315238562634960e+01,-1.599328918790850906e+01,-2.036755501341412611e+01
1.052802713381784550e+01,-9.196555665029098492e+00,-1.120933002873744933e+01
2.333404696641204268e+01,-1.327207208758834511e+01,-2.167099340107120753e+01
2.148057940478388161e+01,-2.322916256514355737e+01,-1.390143530443905284e+01
1.953070502494668048e+01,-2.491147985424986189e+01,5.174280318261995859e+00
2.456506235036209773e+01,-4.530217416105457140e+00,-2.353940483003152195e+01
9.160844475883656912e+00,-1.352642830644638394e+01,-5.325184892158300265e+00
1.150867978980838302e+01,-3.886184338854294928e+00,-9.253397216282344573e+00
2.558698802774866010e+01,1.514452157180459935e+01,-1.148958485979931865e+01
1.533278111660303722e+01,5.689119138391936836e+00,3.105152045176828857e+00
3.176250365714620827e+00,-6.745153865379862168e+00,-6.323997746955005717e-01
2.624135454850302196e+01,1.449761777314100542e+01,-1.046802057760974947e+01
1.142992224270783197e+01,-8.461000773740524394e+00,-1.040279173201102303e+01
2.041232477576469151e+01,-2.522550129027365884e+01,-5.123015956210185129e-01
2.419059803106427253e+01,3.447520851032373379e+00,-2.158746673808884964e+01
2.160877640047978332e+01,-2.501880882350765489e+01,-7.364530242511582614e+00
2.656708798627344592e+01,1.627064431966952895e+01,-7.767922182091026251e+00
2.164092009693748153e+01,-2.662741372758210900e+01,-4.184209908426014479e+00
6.581392776941481060e+00,-1.079802001828051949e+01,2.543134247841539519e+00
2.733118796526959571e+01,1.069265969992130749e+01,-1.693345150683806821e+01
4.380606945618692016e+00,-6.951838930503489777e+00,1.280163859347801747e+00
1.204722405349341940e+01,1.050121972104467893e+00,-8.915908770873940625e+00
